PRAGMA foreign_keys=OFF;
BEGIN TRANSACTION;
CREATE TABLE IF NOT EXISTS "django_migrations" ("id" integer NOT NULL PRIMARY KEY AUTOINCREMENT, "app" varchar(255) NOT NULL, "name" varchar(255) NOT NULL, "applied" datetime NOT NULL);
INSERT INTO django_migrations VALUES(1,'contenttypes','0001_initial','2025-04-24 21:08:37.821169');
INSERT INTO django_migrations VALUES(2,'auth','0001_initial','2025-04-24 21:08:37.839173');
INSERT INTO django_migrations VALUES(3,'admin','0001_initial','2025-04-24 21:08:37.853174');
INSERT INTO django_migrations VALUES(4,'admin','0002_logentry_remove_auto_add','2025-04-24 21:08:37.866177');
INSERT INTO django_migrations VALUES(5,'admin','0003_logentry_add_action_flag_choices','2025-04-24 21:08:37.874678');
INSERT INTO django_migrations VALUES(6,'contenttypes','0002_remove_content_type_name','2025-04-24 21:08:37.893682');
INSERT INTO django_migrations VALUES(7,'auth','0002_alter_permission_name_max_length','2025-04-24 21:08:37.908184');
INSERT INTO django_migrations VALUES(8,'auth','0003_alter_user_email_max_length','2025-04-24 21:08:37.920686');
INSERT INTO django_migrations VALUES(9,'auth','0004_alter_user_username_opts','2025-04-24 21:08:37.929688');
INSERT INTO django_migrations VALUES(10,'auth','0005_alter_user_last_login_null','2025-04-24 21:08:37.943190');
INSERT INTO django_migrations VALUES(11,'auth','0006_require_contenttypes_0002','2025-04-24 21:08:37.946691');
INSERT INTO django_migrations VALUES(12,'auth','0007_alter_validators_add_error_messages','2025-04-24 21:08:37.956693');
INSERT INTO django_migrations VALUES(13,'auth','0008_alter_user_username_max_length','2025-04-24 21:08:37.969695');
INSERT INTO django_migrations VALUES(14,'auth','0009_alter_user_last_name_max_length','2025-04-24 21:08:37.983697');
INSERT INTO django_migrations VALUES(15,'auth','0010_alter_group_name_max_length','2025-04-24 21:08:37.995700');
INSERT INTO django_migrations VALUES(16,'auth','0011_update_proxy_permissions','2025-04-24 21:08:38.006201');
INSERT INTO django_migrations VALUES(17,'auth','0012_alter_user_first_name_max_length','2025-04-24 21:08:38.020204');
INSERT INTO django_migrations VALUES(18,'prs','0001_initial','2025-04-24 21:08:38.057210');
INSERT INTO django_migrations VALUES(19,'sessions','0001_initial','2025-04-24 21:08:38.066712');
INSERT INTO django_migrations VALUES(20,'prs','0002_alter_individual_options_and_more','2025-05-10 02:54:37.674016');
INSERT INTO django_migrations VALUES(21,'prs','0003_individual_national_identifier_hash','2025-05-10 03:01:57.055704');
INSERT INTO django_migrations VALUES(22,'prs','0004_alter_individual_options_and_more','2025-05-10 03:11:23.465707');
INSERT INTO django_migrations VALUES(23,'prs','0005_alter_individual_options_alter_individual_prs_id','2025-05-10 18:19:29.603030');
INSERT INTO django_migrations VALUES(24,'prs','0006_alter_individual_options_alter_individual_prs_id','2025-05-10 18:19:29.618033');
INSERT INTO django_migrations VALUES(25,'prs','0007_remove_vaccinationrecord_record_data','2025-05-10 18:19:29.647038');
INSERT INTO django_migrations VALUES(26,'prs','0008_alter_individual_prs_id','2025-05-10 18:25:17.205539');
INSERT INTO django_migrations VALUES(27,'prs','0009_userprofile','2025-05-10 23:46:59.091024');
INSERT INTO django_migrations VALUES(28,'prs','0010_userprofile_merchant','2025-05-11 01:44:35.040079');
INSERT INTO django_migrations VALUES(29,'prs','0011_rename_merchant_userprofile_merchant_id','2025-05-11 12:06:00.581676');
CREATE TABLE IF NOT EXISTS "auth_group_permissions" ("id" integer NOT NULL PRIMARY KEY AUTOINCREMENT, "group_id" integer NOT NULL REFERENCES "auth_group" ("id") DEFERRABLE INITIALLY DEFERRED, "permission_id" integer NOT NULL REFERENCES "auth_permission" ("id") DEFERRABLE INITIALLY DEFERRED);
CREATE TABLE IF NOT EXISTS "auth_user_groups" ("id" integer NOT NULL PRIMARY KEY AUTOINCREMENT, "user_id" integer NOT NULL REFERENCES "auth_user" ("id") DEFERRABLE INITIALLY DEFERRED, "group_id" integer NOT NULL REFERENCES "auth_group" ("id") DEFERRABLE INITIALLY DEFERRED);
CREATE TABLE IF NOT EXISTS "auth_user_user_permissions" ("id" integer NOT NULL PRIMARY KEY AUTOINCREMENT, "user_id" integer NOT NULL REFERENCES "auth_user" ("id") DEFERRABLE INITIALLY DEFERRED, "permission_id" integer NOT NULL REFERENCES "auth_permission" ("id") DEFERRABLE INITIALLY DEFERRED);
CREATE TABLE IF NOT EXISTS "django_admin_log" ("id" integer NOT NULL PRIMARY KEY AUTOINCREMENT, "object_id" text NULL, "object_repr" varchar(200) NOT NULL, "action_flag" smallint unsigned NOT NULL CHECK ("action_flag" >= 0), "change_message" text NOT NULL, "content_type_id" integer NULL REFERENCES "django_content_type" ("id") DEFERRABLE INITIALLY DEFERRED, "user_id" integer NOT NULL REFERENCES "auth_user" ("id") DEFERRABLE INITIALLY DEFERRED, "action_time" datetime NOT NULL);
CREATE TABLE IF NOT EXISTS "django_content_type" ("id" integer NOT NULL PRIMARY KEY AUTOINCREMENT, "app_label" varchar(100) NOT NULL, "model" varchar(100) NOT NULL);
INSERT INTO django_content_type VALUES(1,'admin','logentry');
INSERT INTO django_content_type VALUES(2,'auth','permission');
INSERT INTO django_content_type VALUES(3,'auth','group');
INSERT INTO django_content_type VALUES(4,'auth','user');
INSERT INTO django_content_type VALUES(5,'contenttypes','contenttype');
INSERT INTO django_content_type VALUES(6,'sessions','session');
INSERT INTO django_content_type VALUES(7,'prs','criticalitem');
INSERT INTO django_content_type VALUES(8,'prs','individual');
INSERT INTO django_content_type VALUES(9,'prs','merchant');
INSERT INTO django_content_type VALUES(10,'prs','governmentofficial');
INSERT INTO django_content_type VALUES(11,'prs','accesslog');
INSERT INTO django_content_type VALUES(12,'prs','merchantstock');
INSERT INTO django_content_type VALUES(13,'prs','purchase');
INSERT INTO django_content_type VALUES(14,'prs','vaccinationrecord');
INSERT INTO django_content_type VALUES(15,'prs','userprofile');
CREATE TABLE IF NOT EXISTS "auth_permission" ("id" integer NOT NULL PRIMARY KEY AUTOINCREMENT, "content_type_id" integer NOT NULL REFERENCES "django_content_type" ("id") DEFERRABLE INITIALLY DEFERRED, "codename" varchar(100) NOT NULL, "name" varchar(255) NOT NULL);
INSERT INTO auth_permission VALUES(1,1,'add_logentry','Can add log entry');
INSERT INTO auth_permission VALUES(2,1,'change_logentry','Can change log entry');
INSERT INTO auth_permission VALUES(3,1,'delete_logentry','Can delete log entry');
INSERT INTO auth_permission VALUES(4,1,'view_logentry','Can view log entry');
INSERT INTO auth_permission VALUES(5,2,'add_permission','Can add permission');
INSERT INTO auth_permission VALUES(6,2,'change_permission','Can change permission');
INSERT INTO auth_permission VALUES(7,2,'delete_permission','Can delete permission');
INSERT INTO auth_permission VALUES(8,2,'view_permission','Can view permission');
INSERT INTO auth_permission VALUES(9,3,'add_group','Can add group');
INSERT INTO auth_permission VALUES(10,3,'change_group','Can change group');
INSERT INTO auth_permission VALUES(11,3,'delete_group','Can delete group');
INSERT INTO auth_permission VALUES(12,3,'view_group','Can view group');
INSERT INTO auth_permission VALUES(13,4,'add_user','Can add user');
INSERT INTO auth_permission VALUES(14,4,'change_user','Can change user');
INSERT INTO auth_permission VALUES(15,4,'delete_user','Can delete user');
INSERT INTO auth_permission VALUES(16,4,'view_user','Can view user');
INSERT INTO auth_permission VALUES(17,5,'add_contenttype','Can add content type');
INSERT INTO auth_permission VALUES(18,5,'change_contenttype','Can change content type');
INSERT INTO auth_permission VALUES(19,5,'delete_contenttype','Can delete content type');
INSERT INTO auth_permission VALUES(20,5,'view_contenttype','Can view content type');
INSERT INTO auth_permission VALUES(21,6,'add_session','Can add session');
INSERT INTO auth_permission VALUES(22,6,'change_session','Can change session');
INSERT INTO auth_permission VALUES(23,6,'delete_session','Can delete session');
INSERT INTO auth_permission VALUES(24,6,'view_session','Can view session');
INSERT INTO auth_permission VALUES(25,7,'add_criticalitem','Can add critical item');
INSERT INTO auth_permission VALUES(26,7,'change_criticalitem','Can change critical item');
INSERT INTO auth_permission VALUES(27,7,'delete_criticalitem','Can delete critical item');
INSERT INTO auth_permission VALUES(28,7,'view_criticalitem','Can view critical item');
INSERT INTO auth_permission VALUES(29,8,'add_individual','Can add individual');
INSERT INTO auth_permission VALUES(30,8,'change_individual','Can change individual');
INSERT INTO auth_permission VALUES(31,8,'delete_individual','Can delete individual');
INSERT INTO auth_permission VALUES(32,8,'view_individual','Can view individual');
INSERT INTO auth_permission VALUES(33,9,'add_merchant','Can add merchant');
INSERT INTO auth_permission VALUES(34,9,'change_merchant','Can change merchant');
INSERT INTO auth_permission VALUES(35,9,'delete_merchant','Can delete merchant');
INSERT INTO auth_permission VALUES(36,9,'view_merchant','Can view merchant');
INSERT INTO auth_permission VALUES(37,10,'add_governmentofficial','Can add government official');
INSERT INTO auth_permission VALUES(38,10,'change_governmentofficial','Can change government official');
INSERT INTO auth_permission VALUES(39,10,'delete_governmentofficial','Can delete government official');
INSERT INTO auth_permission VALUES(40,10,'view_governmentofficial','Can view government official');
INSERT INTO auth_permission VALUES(41,11,'add_accesslog','Can add access log');
INSERT INTO auth_permission VALUES(42,11,'change_accesslog','Can change access log');
INSERT INTO auth_permission VALUES(43,11,'delete_accesslog','Can delete access log');
INSERT INTO auth_permission VALUES(44,11,'view_accesslog','Can view access log');
INSERT INTO auth_permission VALUES(45,12,'add_merchantstock','Can add merchant stock');
INSERT INTO auth_permission VALUES(46,12,'change_merchantstock','Can change merchant stock');
INSERT INTO auth_permission VALUES(47,12,'delete_merchantstock','Can delete merchant stock');
INSERT INTO auth_permission VALUES(48,12,'view_merchantstock','Can view merchant stock');
INSERT INTO auth_permission VALUES(49,13,'add_purchase','Can add purchase');
INSERT INTO auth_permission VALUES(50,13,'change_purchase','Can change purchase');
INSERT INTO auth_permission VALUES(51,13,'delete_purchase','Can delete purchase');
INSERT INTO auth_permission VALUES(52,13,'view_purchase','Can view purchase');
INSERT INTO auth_permission VALUES(53,14,'add_vaccinationrecord','Can add vaccination record');
INSERT INTO auth_permission VALUES(54,14,'change_vaccinationrecord','Can change vaccination record');
INSERT INTO auth_permission VALUES(55,14,'delete_vaccinationrecord','Can delete vaccination record');
INSERT INTO auth_permission VALUES(56,14,'view_vaccinationrecord','Can view vaccination record');
INSERT INTO auth_permission VALUES(57,15,'add_userprofile','Can add user profile');
INSERT INTO auth_permission VALUES(58,15,'change_userprofile','Can change user profile');
INSERT INTO auth_permission VALUES(59,15,'delete_userprofile','Can delete user profile');
INSERT INTO auth_permission VALUES(60,15,'view_userprofile','Can view user profile');
CREATE TABLE IF NOT EXISTS "auth_group" ("id" integer NOT NULL PRIMARY KEY AUTOINCREMENT, "name" varchar(150) NOT NULL UNIQUE);
CREATE TABLE IF NOT EXISTS "auth_user" ("id" integer NOT NULL PRIMARY KEY AUTOINCREMENT, "password" varchar(128) NOT NULL, "last_login" datetime NULL, "is_superuser" bool NOT NULL, "username" varchar(150) NOT NULL UNIQUE, "last_name" varchar(150) NOT NULL, "email" varchar(254) NOT NULL, "is_staff" bool NOT NULL, "is_active" bool NOT NULL, "date_joined" datetime NOT NULL, "first_name" varchar(150) NOT NULL);
INSERT INTO auth_user VALUES(1,'pbkdf2_sha256$870000$l5rZYqQnT8O12z5jmX4CrP$E+gYldqjARsa8lIScrpx3swzKvP80TWk3uApobXbn/4=',NULL,0,'public1','','',0,1,'2025-04-24 21:43:27.084901','');
INSERT INTO auth_user VALUES(2,'pbkdf2_sha256$870000$NFD35KJZ6QRlXXcyt30gr0$0YPrTuErWDCSZVbkiMRhzx/iuZlOC5EQTaNnO/dxEXM=',NULL,0,'gov1','','',0,1,'2025-04-24 21:43:27.952054','');
INSERT INTO auth_user VALUES(3,'pbkdf2_sha256$870000$45EBd6XjA9kAAQjOIaXQ6M$YZRKkd0qFrUXRskCsvQfWgHelXIW/7j+qt/iJRh5o+k=',NULL,0,'merchant1','','',0,1,'2025-04-24 21:43:28.374628','');
INSERT INTO auth_user VALUES(4,'pbkdf2_sha256$870000$fZ9kW9u0GVbTsF5dfghNNN$8+4MU/+I/dBLmY2SoWbZU60Nv9MXG4Lkfksp1UPireE=',NULL,0,'joab','','',0,1,'2025-05-01 02:27:04.375451','');
INSERT INTO auth_user VALUES(5,'pbkdf2_sha256$870000$XOfBXPSfvcKaKhgOk3dCmG$LYEuVfZ57vQyBV9PmGk3T93obzqCfH26vUNLSm0+Ni4=',NULL,0,'joab_pub','','',0,1,'2025-05-01 02:27:58.722794','');
INSERT INTO auth_user VALUES(6,'pbkdf2_sha256$870000$DMITGMrSNTF6QbZZ1V1iVy$UUvLei5U/OIt67C0rMJBo2+PYx6IVWBR7kPXUDafthY=',NULL,0,'joab_mer','','',0,1,'2025-05-01 02:28:16.656878','');
INSERT INTO auth_user VALUES(7,'pbkdf2_sha256$870000$4I7pEsDC6DKceSPI9FSDuy$ONte71WpVxYoC9ObbWQG36I52pC/4cs+5LGReSUalgo=',NULL,0,'testuser','','',0,1,'2025-05-08 18:21:53.512357','');
INSERT INTO auth_user VALUES(8,'pbkdf2_sha256$870000$uB66lxI9HzpTlS79OIoh4C$OkqcK5B/k0BY+WMjtfQ60AEsaQ76vPbX4KJRVCSFHHM=',NULL,0,'public7','','',0,1,'2025-05-08 18:36:41.559799','');
INSERT INTO auth_user VALUES(9,'pbkdf2_sha256$870000$SyLUGxZpVzqpwxVKG5IpJk$FHYwjpi/Wo8uKaHLY2tudqa9O8OcB/BuvWTL7LXovG8=',NULL,0,'test20','','',0,1,'2025-05-08 18:40:16.736263','');
INSERT INTO auth_user VALUES(10,'pbkdf2_sha256$870000$ioOGfVsxwevGFyhcrv3v8T$b+v1Pm+ttLDFojeK1435gnQ+o/hkimXCXOiFDhlxcWA=',NULL,0,'merchant5','','',0,1,'2025-05-08 18:42:52.147812','');
INSERT INTO auth_user VALUES(11,'pbkdf2_sha256$870000$BUk9pfz9bLPkzDosKiMIdH$3AtclWKI1yGumuadDiIhPK7fMimSiN/jHvjvCba2L/Q=',NULL,0,'admin','','',0,1,'2025-05-08 18:43:49.054898','');
INSERT INTO auth_user VALUES(12,'pbkdf2_sha256$870000$xQfZ0kmNXSm2DXiBhaIEZn$VtjwPCd9UmoeHYKXSYKJhINqTMZ0Yj6TvZxm3HO2ehk=',NULL,0,'admin2','','',0,1,'2025-05-10 02:07:10.333814','');
INSERT INTO auth_user VALUES(13,'pbkdf2_sha256$870000$HxWk0HChOFqP52sEqvUtrG$sRp6V5gpBZmpLTeDpSrXhdwpIxVox1+S5oVkKssCJ/w=',NULL,0,'newgov','','',0,1,'2025-05-10 23:18:03.595926','');
INSERT INTO auth_user VALUES(14,'pbkdf2_sha256$870000$y7ZSA2WTGjfQE6Z3u2OSxE$0cs0yb2Snhg5Pa8gFXFaDMCyhWtG9B2xdRoRMsjMDEw=',NULL,0,'public20','','',0,1,'2025-05-10 23:35:05.890822','');
INSERT INTO auth_user VALUES(15,'pbkdf2_sha256$870000$v38UX74e4vasPhNWyTR7hg$v2yh2P/oUcNTuflincC961Oth7vQdb+Ag4q9sBF0Av4=',NULL,0,'pub21','','',0,1,'2025-05-11 00:24:47.468415','');
INSERT INTO auth_user VALUES(16,'pbkdf2_sha256$870000$wFtccJ1llMTQKnJrxqvI5u$hDw4v8hAjNuFcwC0P7Zsjj+Mc5dGULGUVkTW3ylZI18=',NULL,0,'merch20','','',0,1,'2025-05-11 00:27:01.543140','');
INSERT INTO auth_user VALUES(17,'pbkdf2_sha256$870000$9B4w3ikfcLVpnhFQzgj7CH$teNds0TSOVLYXW9WQwR2VJPxJAnaYq78m+GOUXSvy1c=',NULL,0,'mer20','','',0,1,'2025-05-11 00:32:30.386329','');
INSERT INTO auth_user VALUES(18,'pbkdf2_sha256$870000$YDya9aOlE6JnbjASIwHaUR$3AaI7PQ6cMaDyfiByXPfdN+SmkMVZkgYidwjYtd+gFw=',NULL,0,'mer400','','',0,1,'2025-05-11 00:32:40.011531','');
INSERT INTO auth_user VALUES(19,'pbkdf2_sha256$870000$rwgrk3MCR5ytJ6xTMtDZUh$1z6iFN+q1GvoPWQhT8h5Gx4gNuXTnWpRTmoSchcbgX4=',NULL,0,'truelol','','',0,1,'2025-05-11 02:09:34.970493','');
INSERT INTO auth_user VALUES(20,'pbkdf2_sha256$870000$I97py68VfOGG04GtycQXS6$IBzfIwx26qNDM7P/hH4hE4pQkfCzZ65QP6tsVygS9Pg=',NULL,0,'merchant2','','',0,1,'2025-05-11 02:20:12.251261','');
INSERT INTO auth_user VALUES(21,'pbkdf2_sha256$870000$F5sxcJlGm3YG35o7f1L1PW$GJVsytkAcRkcyMpq/z01x6Z/TIV3qc1lfdwabR/wf0A=',NULL,0,'merchant3','','',0,1,'2025-05-11 02:23:48.523030','');
INSERT INTO auth_user VALUES(22,'pbkdf2_sha256$870000$QVUkHuySwn3rg2B9JQUz3G$J1YlpLH8bKP4v9asaX3dRHhJlOeJqCE1L9K0G9Pk/ig=',NULL,0,'public200','','',0,1,'2025-05-11 19:35:50.281581','');
CREATE TABLE IF NOT EXISTS "critical_items" ("item_id" integer NOT NULL PRIMARY KEY AUTOINCREMENT, "name" varchar(100) NOT NULL, "purchase_limit" integer NOT NULL, "limit_period" varchar(20) NOT NULL, "allowed_purchase_day" varchar(20) NULL, "created_at" datetime NOT NULL);
INSERT INTO critical_items VALUES(1,'Face Mask',7,'weekly','Monday','2025-04-24 21:43:29.240780');
INSERT INTO critical_items VALUES(5,'test',2,'daily',NULL,'2025-05-10 14:21:10.962875');
INSERT INTO critical_items VALUES(7,'Face Mask',1,'weekly','Monday','2025-05-10 22:34:02.883650');
INSERT INTO critical_items VALUES(8,'Item 1',5,'daily',NULL,'2025-05-10 22:45:41.300735');
INSERT INTO critical_items VALUES(9,'Face Mask',2,'daily','Monday','2025-05-11 21:44:25.046950');
CREATE TABLE IF NOT EXISTS "merchants" ("merchant_id" integer NOT NULL PRIMARY KEY AUTOINCREMENT, "business_license" varchar(255) NOT NULL UNIQUE, "name" varchar(100) NOT NULL, "address" varchar(255) NOT NULL, "created_at" datetime NOT NULL);
INSERT INTO merchants VALUES(1,'pbkdf2_sha256$870000$G8orGOlQiekOlVSrKNU1KS$4eWmm+qLyxfNG5qvWx2YerwTS266oI++k8XjTbg/8m0=','Pharmacy XYZ','123 Main St','2025-04-24 21:43:29.235279');
INSERT INTO merchants VALUES(2,'pbkdf2_sha256$870000$hSWSnGCRF1iA1t8h8qX0fu$PEMhj/mIJYvMpIFxtKSri6AR0zGmsjG9eCo+qykurTU=','Health Store','456 High St','2025-05-01 01:39:57.442007');
INSERT INTO merchants VALUES(3,'pbkdf2_sha256$870000$x4ca5fOgpQbAu1J1x3DyJS$UNpyo8PgvmWY4Bt4VIxiiQMEuj87A+PfOUKp/CSasUg=','Joab','Derby','2025-05-01 02:32:44.426228');
INSERT INTO merchants VALUES(4,'pbkdf2_sha256$870000$eMkCZY0kTM51UODhYlt0me$hvJxyrGh7BVsiE52cZFq1C+dpx+LOxIfCw/QHvoHs30=','test','test','2025-05-01 03:03:49.819838');
INSERT INTO merchants VALUES(5,'pbkdf2_sha256$870000$uQHrhFIALHA9TCuVjQGch9$mxD5QMAkrUEwc2rF6ATOqSvH3mMwU+I/giIZqItMXlQ=','Merchant 1','123 Main St','2025-05-10 22:46:05.000429');
INSERT INTO merchants VALUES(6,'pbkdf2_sha256$870000$Lc2GJ8yEFt8pg0zFlM7QDW$vyQaNg8iDJ3oooHx1HeuZxc2QjOSzapzyrAZ1228orE=','Joab','123','2025-05-11 01:50:36.883108');
INSERT INTO merchants VALUES(7,'pbkdf2_sha256$870000$jgbWKb9go6VVZyoZ2ORaCq$btt7kwwypUcIYUn+S5fUKkz2BCY84Y8ccA5jgS9JhfI=','truelol','truelol','2025-05-11 02:09:48.324857');
INSERT INTO merchants VALUES(8,'pbkdf2_sha256$870000$839J0W13YozBdVmvwYPBnW$pVCA8RgsgxxkoQJiO4yDvnSAxWPCshUY/mpIDX+o708=','merchant3','merchant3','2025-05-11 02:24:00.476645');
CREATE TABLE IF NOT EXISTS "government_officials" ("official_id" integer NOT NULL PRIMARY KEY AUTOINCREMENT, "role" varchar(50) NOT NULL, "created_at" datetime NOT NULL, "user_id" integer NOT NULL UNIQUE REFERENCES "auth_user" ("id") DEFERRABLE INITIALLY DEFERRED);
INSERT INTO government_officials VALUES(1,'government','2025-04-24 21:43:28.370627',2);
INSERT INTO government_officials VALUES(2,'merchant','2025-04-24 21:43:28.811205',3);
INSERT INTO government_officials VALUES(3,'government','2025-05-01 02:27:04.809549',4);
INSERT INTO government_officials VALUES(4,'merchant','2025-05-01 02:28:17.091977',6);
INSERT INTO government_officials VALUES(5,'government','2025-05-08 18:21:53.932451',7);
INSERT INTO government_officials VALUES(6,'merchant','2025-05-08 18:42:52.563905',10);
INSERT INTO government_officials VALUES(7,'government','2025-05-08 18:43:49.476993',11);
INSERT INTO government_officials VALUES(8,'government','2025-05-10 23:18:04.011500',13);
INSERT INTO government_officials VALUES(9,'merchant','2025-05-11 00:27:01.986218',16);
INSERT INTO government_officials VALUES(10,'merchant','2025-05-11 00:32:40.465112',18);
INSERT INTO government_officials VALUES(11,'merchant','2025-05-11 02:09:35.426575',19);
INSERT INTO government_officials VALUES(12,'merchant','2025-05-11 02:20:12.698340',20);
INSERT INTO government_officials VALUES(13,'merchant','2025-05-11 02:23:48.971610',21);
CREATE TABLE IF NOT EXISTS "access_logs" ("log_id" integer NOT NULL PRIMARY KEY AUTOINCREMENT, "action" varchar(100) NOT NULL, "timestamp" datetime NOT NULL, "official_id" integer NOT NULL REFERENCES "government_officials" ("official_id") DEFERRABLE INITIALLY DEFERRED);
INSERT INTO access_logs VALUES(1,'Uploaded VaccinationRecord 1','2025-05-10 18:34:18.310288',7);
INSERT INTO access_logs VALUES(2,'Uploaded VaccinationRecord 2','2025-05-10 18:46:39.142879',7);
INSERT INTO access_logs VALUES(3,'Uploaded VaccinationRecord 3','2025-05-10 18:46:39.180385',7);
INSERT INTO access_logs VALUES(4,'Deleted Individual None','2025-05-10 19:34:56.222021',7);
INSERT INTO access_logs VALUES(5,'Deleted Individual None','2025-05-11 00:20:46.165216',7);
INSERT INTO access_logs VALUES(6,'Deleted Individual None','2025-05-11 00:20:48.182573',7);
INSERT INTO access_logs VALUES(7,'Deleted Individual None','2025-05-11 00:20:50.993070',7);
INSERT INTO access_logs VALUES(8,'Deleted Individual None','2025-05-11 00:20:52.611858',7);
INSERT INTO access_logs VALUES(9,'Deleted Individual None','2025-05-11 00:20:54.706728',7);
INSERT INTO access_logs VALUES(10,'Deleted Individual None','2025-05-11 00:20:56.303010',7);
INSERT INTO access_logs VALUES(11,'Deleted Individual None','2025-05-11 00:20:57.677754',7);
INSERT INTO access_logs VALUES(12,'Deleted Individual None','2025-05-11 00:20:59.939154',7);
INSERT INTO access_logs VALUES(13,'Deleted Individual None','2025-05-11 00:21:01.434919',7);
INSERT INTO access_logs VALUES(14,'Deleted Individual None','2025-05-11 00:21:03.134719',7);
INSERT INTO access_logs VALUES(15,'Deleted Individual None','2025-05-11 00:21:04.863025',7);
INSERT INTO access_logs VALUES(16,'Deleted Individual None','2025-05-11 00:21:06.829873',7);
INSERT INTO access_logs VALUES(17,'Created Individual 5575a77e-d73f-4ea3-918f-eea27ac65f3d','2025-05-11 00:25:32.941962',7);
INSERT INTO access_logs VALUES(18,'Deleted Individual None','2025-05-11 00:25:37.617788',7);
INSERT INTO access_logs VALUES(19,'Uploaded VaccinationRecord 5','2025-05-11 18:15:24.178599',7);
INSERT INTO access_logs VALUES(20,'Uploaded VaccinationRecord 4','2025-05-11 18:15:24.171597',7);
INSERT INTO access_logs VALUES(21,'Deleted VaccinationRecord None','2025-05-11 18:15:38.197782',7);
INSERT INTO access_logs VALUES(22,'Deleted VaccinationRecord None','2025-05-11 19:00:10.774125',7);
INSERT INTO access_logs VALUES(23,'Deleted VaccinationRecord None','2025-05-11 19:40:12.004394',7);
CREATE TABLE IF NOT EXISTS "merchant_stock" ("stock_id" integer NOT NULL PRIMARY KEY AUTOINCREMENT, "stock_level" integer NOT NULL, "last_updated" datetime NOT NULL, "item_id" integer NOT NULL REFERENCES "critical_items" ("item_id") DEFERRABLE INITIALLY DEFERRED, "merchant_id" integer NOT NULL REFERENCES "merchants" ("merchant_id") DEFERRABLE INITIALLY DEFERRED);
INSERT INTO merchant_stock VALUES(1,1,'2025-05-01 02:35:58.667919',1,1);
INSERT INTO merchant_stock VALUES(2,10,'2025-05-10 22:46:40.728252',8,5);
INSERT INTO merchant_stock VALUES(3,1,'2025-05-11 17:36:13.432024',1,6);
INSERT INTO merchant_stock VALUES(4,2,'2025-05-11 17:36:21.548867',7,6);
INSERT INTO merchant_stock VALUES(5,2,'2025-05-11 18:38:22.454495',1,8);
CREATE TABLE IF NOT EXISTS "django_session" ("session_key" varchar(40) NOT NULL PRIMARY KEY, "session_data" text NOT NULL, "expire_date" datetime NOT NULL);
CREATE TABLE IF NOT EXISTS "vaccination_records" ("record_id" integer NOT NULL PRIMARY KEY AUTOINCREMENT, "vaccine_type" varchar(100) NOT NULL, "manufacturer" varchar(100) NULL, "dose_number" integer NOT NULL, "batch_number" varchar(50) NULL, "vaccination_date" date NOT NULL, "administered_by" varchar(100) NULL, "status" varchar(20) NOT NULL, "created_at" datetime NOT NULL, "prs_id_id" varchar(50) NOT NULL REFERENCES "individuals" ("prs_id") DEFERRABLE INITIALLY DEFERRED);
INSERT INTO vaccination_records VALUES(6,'1','1',1,'1','1111-11-11','1','Completed','2025-05-11 19:39:26.876080','51d9bb06-139d-4444-8dea-3d73c42a6485');
CREATE TABLE IF NOT EXISTS "purchases" ("purchase_id" integer NOT NULL PRIMARY KEY AUTOINCREMENT, "quantity" integer NOT NULL, "purchase_date" datetime NOT NULL, "status" varchar(20) NULL, "item_id" integer NOT NULL REFERENCES "critical_items" ("item_id") DEFERRABLE INITIALLY DEFERRED, "merchant_id" integer NOT NULL REFERENCES "merchants" ("merchant_id") DEFERRABLE INITIALLY DEFERRED, "prs_id_id" varchar(50) NOT NULL REFERENCES "individuals" ("prs_id") DEFERRABLE INITIALLY DEFERRED);
CREATE TABLE IF NOT EXISTS "individuals" ("national_identifier" varchar(255) NOT NULL, "date_of_birth" date NOT NULL, "created_at" datetime NOT NULL, "updated_at" datetime NOT NULL, "prs_id" varchar(50) NOT NULL PRIMARY KEY);
INSERT INTO individuals VALUES('pbkdf2_sha256$870000$jchfszYVRyHVG7MtQyStr9$TYvc+8fdMQZ2VIu0Hsd/ROs9a6MSY+9i8CPTDKXZJAQ=','2005-04-02','2025-05-11 00:15:20.696124','2025-05-11 00:15:20.696124','0529cbe4-507a-42ee-af7c-7b4773d4e679');
INSERT INTO individuals VALUES('pbkdf2_sha256$870000$q2xcWbJnPpGBFqE0j78JxH$f8FucTakqPBfC/rjlL5tRE7QglPCgXDpsVTl09pvzm4=','2001-01-01','2025-05-11 00:25:02.595092','2025-05-11 00:25:02.595592','a27faa3f-36e9-475d-876f-04a1fce306f5');
INSERT INTO individuals VALUES('pbkdf2_sha256$870000$v4Rgojgnj56NryZqsUYPNS$st6/ikWWqm2svvZgD0QDfGofGyx0EXeexk0t4HVC+hY=','2005-05-01','2025-05-11 19:36:04.329310','2025-05-11 19:36:04.329310','51d9bb06-139d-4444-8dea-3d73c42a6485');
CREATE TABLE IF NOT EXISTS "user_profiles" ("id" integer NOT NULL PRIMARY KEY AUTOINCREMENT, "prs_id_id" varchar(50) NULL REFERENCES "individuals" ("prs_id") DEFERRABLE INITIALLY DEFERRED, "user_id" integer NOT NULL UNIQUE REFERENCES "auth_user" ("id") DEFERRABLE INITIALLY DEFERRED, "merchant_id_id" integer NULL REFERENCES "merchants" ("merchant_id") DEFERRABLE INITIALLY DEFERRED);
INSERT INTO user_profiles VALUES(1,NULL,1,NULL);
INSERT INTO user_profiles VALUES(2,NULL,2,NULL);
INSERT INTO user_profiles VALUES(3,NULL,3,NULL);
INSERT INTO user_profiles VALUES(4,NULL,4,NULL);
INSERT INTO user_profiles VALUES(5,NULL,5,NULL);
INSERT INTO user_profiles VALUES(6,NULL,6,NULL);
INSERT INTO user_profiles VALUES(7,NULL,7,NULL);
INSERT INTO user_profiles VALUES(8,NULL,8,NULL);
INSERT INTO user_profiles VALUES(9,NULL,9,NULL);
INSERT INTO user_profiles VALUES(10,NULL,10,NULL);
INSERT INTO user_profiles VALUES(11,NULL,11,NULL);
INSERT INTO user_profiles VALUES(12,NULL,12,NULL);
INSERT INTO user_profiles VALUES(13,NULL,13,NULL);
INSERT INTO user_profiles VALUES(14,'0529cbe4-507a-42ee-af7c-7b4773d4e679',14,NULL);
INSERT INTO user_profiles VALUES(15,'a27faa3f-36e9-475d-876f-04a1fce306f5',15,NULL);
INSERT INTO user_profiles VALUES(16,NULL,16,NULL);
INSERT INTO user_profiles VALUES(17,NULL,17,NULL);
INSERT INTO user_profiles VALUES(18,NULL,18,6);
INSERT INTO user_profiles VALUES(19,NULL,19,7);
INSERT INTO user_profiles VALUES(20,NULL,20,NULL);
INSERT INTO user_profiles VALUES(21,NULL,21,8);
INSERT INTO user_profiles VALUES(22,'51d9bb06-139d-4444-8dea-3d73c42a6485',22,NULL);
INSERT INTO sqlite_sequence VALUES('django_migrations',29);
INSERT INTO sqlite_sequence VALUES('django_admin_log',0);
INSERT INTO sqlite_sequence VALUES('django_content_type',15);
INSERT INTO sqlite_sequence VALUES('auth_permission',60);
INSERT INTO sqlite_sequence VALUES('auth_group',0);
INSERT INTO sqlite_sequence VALUES('auth_user',22);
INSERT INTO sqlite_sequence VALUES('government_officials',13);
INSERT INTO sqlite_sequence VALUES('merchants',8);
INSERT INTO sqlite_sequence VALUES('critical_items',9);
INSERT INTO sqlite_sequence VALUES('merchant_stock',5);
INSERT INTO sqlite_sequence VALUES('vaccination_records',7);
INSERT INTO sqlite_sequence VALUES('purchases',1);
INSERT INTO sqlite_sequence VALUES('access_logs',23);
INSERT INTO sqlite_sequence VALUES('user_profiles',22);
CREATE UNIQUE INDEX "auth_group_permissions_group_id_permission_id_0cd325b0_uniq" ON "auth_group_permissions" ("group_id", "permission_id");
CREATE INDEX "auth_group_permissions_group_id_b120cbf9" ON "auth_group_permissions" ("group_id");
CREATE INDEX "auth_group_permissions_permission_id_84c5c92e" ON "auth_group_permissions" ("permission_id");
CREATE UNIQUE INDEX "auth_user_groups_user_id_group_id_94350c0c_uniq" ON "auth_user_groups" ("user_id", "group_id");
CREATE INDEX "auth_user_groups_user_id_6a12ed8b" ON "auth_user_groups" ("user_id");
CREATE INDEX "auth_user_groups_group_id_97559544" ON "auth_user_groups" ("group_id");
CREATE UNIQUE INDEX "auth_user_user_permissions_user_id_permission_id_14a6b632_uniq" ON "auth_user_user_permissions" ("user_id", "permission_id");
CREATE INDEX "auth_user_user_permissions_user_id_a95ead1b" ON "auth_user_user_permissions" ("user_id");
CREATE INDEX "auth_user_user_permissions_permission_id_1fbb5f2c" ON "auth_user_user_permissions" ("permission_id");
CREATE INDEX "django_admin_log_content_type_id_c4bce8eb" ON "django_admin_log" ("content_type_id");
CREATE INDEX "django_admin_log_user_id_c564eba6" ON "django_admin_log" ("user_id");
CREATE UNIQUE INDEX "django_content_type_app_label_model_76bd3d3b_uniq" ON "django_content_type" ("app_label", "model");
CREATE UNIQUE INDEX "auth_permission_content_type_id_codename_01ab375a_uniq" ON "auth_permission" ("content_type_id", "codename");
CREATE INDEX "auth_permission_content_type_id_2f476e4b" ON "auth_permission" ("content_type_id");
CREATE INDEX "access_logs_official_id_1e06f110" ON "access_logs" ("official_id");
CREATE INDEX "merchant_stock_item_id_331663c7" ON "merchant_stock" ("item_id");
CREATE INDEX "merchant_stock_merchant_id_903dfa8c" ON "merchant_stock" ("merchant_id");
CREATE INDEX "django_session_expire_date_a5c62663" ON "django_session" ("expire_date");
CREATE INDEX "vaccination_records_prs_id_id_b8d40150" ON "vaccination_records" ("prs_id_id");
CREATE INDEX "purchases_item_id_674e01f1" ON "purchases" ("item_id");
CREATE INDEX "purchases_merchant_id_9a06ffe5" ON "purchases" ("merchant_id");
CREATE INDEX "purchases_prs_id_id_79bd53f0" ON "purchases" ("prs_id_id");
CREATE INDEX "user_profiles_prs_id_id_4d50d214" ON "user_profiles" ("prs_id_id");
CREATE INDEX "user_profiles_merchant_id_id_9cd14eee" ON "user_profiles" ("merchant_id_id");
COMMIT;
